Shot,Lineage,X,Y,Z,SOX2,POU5F1,TFAP2C,TFAP2A,VTCN1,T,MIXL1,OTX2
240_O,EmDisc_CS6,77.3467963,168.336118,-66.0099557,0,1.89789319,0.009165375,0,0.018247508,3.18399717,1.91567491,0
240_S,EmDisc_CS6,68.0743059,-71.7123131,-52.6925363,0.028495975,2.35918239,0,0,0.056202377,0.61665653,1.64141034,0.014349487
240_W,EmDisc_CS6,-70.3361908,-117.429664,-80.6481828,0.146145082,2.03143601,0,0.015613875,0.015613875,0.046128746,0.075739967,0
240_AA,EmDisc_CS6,-160.43352,-231.395271,-48.9725226,1.13532405,2.76352775,0.068038075,0.124859476,0.023197532,0.103927978,0.068038075,0.060702894
240_AC,EmDisc_CS6,-141.726855,-204.559508,-79.5640746,0.376066725,0.622817616,0.016173653,0,0.008119524,0.008119524,2.44168305,0
243_S,EmDisc_CS6,83.0989641,152.132397,-17.8502023,0.758693323,2.50830969,0.02616407,0.004408494,0.004408494,2.53946998,1.72423149,0
243_U,EmDisc_CS6,73.1385959,93.4391296,-19.0200894,0.641043927,2.12985979,0.053654836,0,0,0.221575582,0.776597974,0
243_W,EmDisc_CS6,34.8847539,30.6147005,-12.9538716,1.57631023,1.34842212,0.003302365,0,0,0.778216524,0.016403835,0.100614585
243_Y,EmDisc_CS6,-44.9004533,-29.9475647,-16.740966,0.875359902,2.42498657,0,0,0,0.617259527,0,0.013900329
243_AA,EmDisc_CS6,-104.874579,-94.9372433,-32.965004,1.55776987,2.1559742,1.3775084,0,0.054434762,1.04596311,0,0
243_AS,EmDisc_CS6,-40.6212358,-168.2174,-13.9489448,2.63764018,2.55160606,0.008377111,0.321034655,0,0,0,0.008377111
246_O,EmDisc_CS6,-97.4767524,-289.022396,18.8460524,1.17159907,2.76861979,0,0.018238846,0,0,0,0
246_AU,EmDisc_CS6,-173.327655,-237.247517,37.4254462,1.76736471,2.12725581,0.240399875,0,0,0.37979709,0.247497514,0.942790666
246_AW,EmDisc_CS6,-104.223862,-37.9495974,22.2275637,1.48594854,2.13686767,0.006141741,0.006141741,0.006141741,0.059783232,0.02434383,0.143248031
246_AY,EmDisc_CS6,65.7142508,-11.1660043,39.1986709,1.18285574,2.90064649,0,0.0039223,0,1.69394489,0.84515585,0.011721045
249_G,EmDisc_CS6,189.937899,186.92468,78.0170553,0,3.05166755,0.644489536,0.75577717,0.419094123,2.05715093,1.23626703,0
249_Q,EmDisc_CS6,140.308666,110.688326,82.4185927,1.17811497,2.59083542,0.047718066,0.275877812,0,1.18561009,0,0
249_Y,EmDisc_CS6,-34.8843008,-37.8672697,71.0576548,1.33156248,2.59655509,0.221325424,0,0,0.402433056,0,0.500950841
249_AG,EmDisc_CS6,-62.3342352,-116.999224,89.0749611,1.22622911,2.30923689,0.046141519,0.068437694,0,0.47864979,0.046141519,0.535521576
252_M,EmDisc_CS6,-101.398089,-102.531001,125.164513,0.397618749,1.44160445,0.520103614,0,0,0.946099629,0.010335269,0.017166578
252_O,EmDisc_CS6,-20.0608997,-59.7824444,123.414989,1.23257972,2.2795765,0.50447632,0,0.016070618,0.316714206,0.031887051,0.304841347
252_Q,EmDisc_CS6,-40.6337357,61.7386426,123.582801,1.01312578,2.48955718,0.008955658,0,0.017831824,0.110598568,0.008955658,0
252_S,EmDisc_CS6,85.4064088,116.162138,151.101743,1.13552974,2.43770423,0.038380298,0,0.087364864,0.012957796,0,0.411210144
252_AQ,EmDisc_CS6,192.758711,128.118441,125.78211,1.10028536,2.92986657,0.006021064,0.017955512,0.023869746,0,0,0
255_R,EmDisc_CS6,39.0548198,8.17201261,167.687384,1.39776403,2.57942785,0.23584094,0.009986681,0.005005807,0.199512701,0.019874614,0.211769338
255_T,EmDisc_CS6,75.2625441,124.322041,163.584193,1.08499756,2.48776281,0.762763825,0.014201113,0.007125765,0.021226752,0.014201113,0.975287827
255_V,EmDisc_CS6,167.839231,184.766575,177.316639,0.606198664,2.73123282,0.070710254,0.044776289,0,0.298646844,0.395694267,0.009117088
255_X,EmDisc_CS6,228.112612,208.41291,165.507133,0.013076156,1.45127861,1.13472269,1.96048781,0,2.36328742,1.51015268,0
237_T,EmDisc_CS6,-66.5869112,-140.007475,-113.377618,1.38196138,2.77046688,0.075884566,0,0,0,1.72021792,0
237_V,EmDisc_CS6,-37.164653,-90.9282204,-112.245228,1.04609647,1.40130407,0.00636901,0.012697713,0.00636901,2.41567976,0.988345146,0.478329003
240_Q,EmDisc_CS6_PGC,52.763217,94.1249399,-48.7056369,0.361106008,3.34749393,0.039964027,0,0.013499581,2.47806604,2.16507103,0
234_O,EmDisc_CS6,46.1904447,47.8975263,-163.222751,0,2.03893765,1.6362579,0.108096046,0,1.75993537,0,0
237_X,EmDisc_CS6,-1.63402619,-31.204949,-113.730952,0.003631825,1.35953171,1.87869585,1.91123738,0,0.71768679,0.559339229,0
234_N,EmDisc_CS6,1.45341768,-32.5384946,-168.95495,0,1.74128653,0.106980247,1.28009522,0,0,0,0
234_P,EmDisc_CS6,68.1028009,89.3625368,-156.225016,0,1.0339858,0.616400315,0.009748291,0.47458656,0.851025125,0.009748291,0
240_B,EmDisc_CS6,20.1725361,15.744448,-59.9518305,1.20456414,2.42981842,1.15880417,0.011410354,0.06120455,0.915321828,1.35741604,0
240_P,EmDisc_CS6,57.4694125,131.466202,-51.9544931,0,2.52200819,0.00755653,0.080138101,0.00755653,3.36246578,1.82387643,0
240_R,EmDisc_CS6,41.2073182,56.0552874,-49.0482933,0.563819066,2.75601086,0.005764811,0,0,2.81104505,1.78029148,0.005764811
240_T,EmDisc_CS6,30.1851207,-119.513882,-46.8269878,0.886683386,2.57880028,0.015645658,0,0.023377639,0.015645658,0.015645658,0.653610034
240_AB,EmDisc_CS6,-153.654159,-231.99666,-59.9730142,0,2.58428013,0.011450865,0,0.03396658,0,0.011450865,0
243_R,EmDisc_CS6,95.2409423,188.954917,-18.3060534,0.81150206,2.67484418,0.025089454,0.006331624,0.043501897,3.06820745,2.70460138,0.006331624
243_T,EmDisc_CS6,79.4323714,121.695548,-16.214119,0.639112451,2.62057771,0.712518701,0,0.007190205,0.950709766,1.6190399,0
243_V,EmDisc_CS6,56.3532591,58.0389915,-20.7565272,1.2155685,2.75610015,0.028320223,0.002390894,0,0.053594179,0.018968981,0
243_X,EmDisc_CS6,1.39180036,0.836366119,-14.2114009,1.47285228,0.83653507,0.376369352,0.012442413,0.006240558,3.03015511,0.006240558,0
243_Z,EmDisc_CS6,-78.5538665,-57.0096467,-18.8007524,1.49133809,2.43706226,0.024210154,0,0,0,0,0
243_AB,EmDisc_CS6,-77.2052879,-167.482463,15.0772274,1.77540493,2.16197491,0.10564238,0,0,0.201183116,0.201183116,0
243_AR,EmDisc_CS6,-6.61621564,-119.464552,-25.361185,1.1433745,2.96832875,0,0.006002617,0.006002617,0.017900827,0.006002617,0.124387593
246_AP,EmDisc_CS6,104.376513,185.116289,15.3215886,0.355860542,3.22272201,1.74902297,0.22828637,0.018817762,2.28672055,1.92158103,0.009453144
246_AV,EmDisc_CS6,-194.144472,-117.908774,31.0748682,1.28769262,2.46549839,0.005764004,0,0,0.169726506,0.017193287,0.088459825
246_AX,EmDisc_CS6,-3.93368542,-23.5932098,39.592734,1.43987934,2.15575132,0.281892983,0,0,0.052851248,0.017929242,0
246_AZ,EmDisc_CS6,132.047251,28.6400928,25.9712932,0.699488791,2.21881237,0,0,0,2.05793076,0.990486787,0
249_H,EmDisc_CS6,199.845092,215.167564,88.3334216,0,2.98496996,2.12841345,0.026511247,0.006693994,1.75360669,1.4470981,0
249_P,EmDisc_CS6,160.265808,125.926041,79.275658,1.87581836,1.57045569,0.019848235,0,0.019848235,1.10459982,2.08812124,0
249_R,EmDisc_CS6,116.057464,100.794865,85.4259383,1.03209527,2.57887347,0.209574852,0,0,0.355888518,0,0.127518875
249_Z,EmDisc_CS6,-116.984487,-44.7975463,88.2556266,0.808293451,2.53525602,0.024576998,0,0,0.335117054,0,0.830226439
252_N,EmDisc_CS6,-34.087351,-97.4248182,111.36255,2.22753468,2.68535916,0.521229995,0,0,0,0,0.018320284
252_P,EmDisc_CS6,-69.1343261,19.5567065,131.818505,1.22382041,2.54986722,0.054315358,0,0.013857912,0.105831923,0.013857912,0.027526404
252_R,EmDisc_CS6,6.7290398,83.7621097,127.990663,1.04191443,2.58810724,0.046909528,0,0,0,0.02840893,0.436647145
252_T,EmDisc_CS6,133.409257,128.681723,129.239122,1.14171358,2.03896468,0.019549608,0,0.048175578,0.066814213,0.111945334,0.009822577
252_AR,EmDisc_CS6,215.659368,158.011968,127.164572,1.46166034,2.49206364,0.800426187,0,0.046678708,0.201305315,2.07851408,0.046678708
255_S,EmDisc_CS6,77.0386086,45.3343703,170.229848,1.10817232,2.6392969,0.015644989,0.00524224,0,0.332321,0.015644989,0.418936898
255_U,EmDisc_CS6,125.736309,149.477272,184.266939,1.5200516,2.42926437,0.386397596,0.008696698,0,0.059346032,0.415641686,0.668892393
255_W,EmDisc_CS6,204.920367,209.334423,178.498504,1.39028839,2.84947511,0.176750944,0.037937939,0,1.58241136,0.505210943,0.037937939
255_AQ,EmDisc_CS6,24.6280485,-57.3501404,173.883169,1.38674505,2.8178463,0.060496926,0,0.012395721,0.293359684,0.29645545,0
237_G,EmDisc_CS6,28.7695557,65.6068114,-112.560054,0.0154474,1.43177265,1.8319716,0.667627815,0.533986644,1.64627332,0.005175692,0
237_S,EmDisc_CS6,-75.7399003,-164.989269,-117.928567,0.120732974,2.70394819,0.043298456,0.423022849,0.039052006,0.008810971,0.051737638,0
237_U,EmDisc_CS6,-50.0079122,-114.367237,-112.582562,0.007547521,0.915305256,0.010050755,0.005038005,0.005038005,0.762667343,2.15455562,0
237_Y,EmDisc_CS6,18.1575376,7.46715859,-112.3764,0,2.16604779,1.18691998,0,0,2.23355537,1.09922098,0
240_AK,PGC_CS6,117.969284,182.003448,-55.787773,0,2.79983777,0.002561829,0,0,2.51515939,2.47625258,0
243_O,PGC_CS6,18.979815,245.172272,-21.274969,0.103469704,1.55880421,2.18905169,0,0.030671136,1.86899147,0.06042948,0
243_Q,PGC_CS6,74.3760093,228.166165,-17.688969,0.025765076,2.10695183,0.959988577,0.006503771,0,2.93316821,2.48445388,0.006503771
246_AK,PGC_CS6,180.083821,183.364521,30.0850585,0,1.99746795,0.686149976,0,0.004575815,1.09848784,1.31978249,0
246_AM,PGC_CS6,131.239548,186.750458,22.949739,0.004430644,2.57568042,0.823673746,0.068637215,0,1.96151515,2.73006274,0
237_D,PGC_CS6,59.688396,177.190918,-61.465961,0,2.3328534,1.75693941,1.06870361,0.045935253,1.89793944,1.17092673,0
237_F,PGC_CS6,67.398209,169.917526,-59.504349,0,2.15514563,2.46439181,0.341547792,1.38268155,0.111547556,1.22938954,0
240_N,PGC_CS6,44.6547848,191.345859,-54.2138563,0,2.95352815,2.41792811,0,0,0.661947836,0.02363105,0
240_AJ,PGC_CS6,114.092421,177.354258,-49.315709,0,2.09459786,2.15498271,0,0,1.52239866,3.4630892,0
243_P,PGC_CS6,45.5885953,241.667924,-17.6611424,0.011729803,2.32269319,2.1081147,0,0,1.9895707,0.507261212,0
246_AN,PGC_CS6,145.170042,197.773165,27.9124856,0,2.28237646,2.09032981,0,0,2.20355597,1.98078246,0
246_AR,PGC_CS6,51.9398552,231.264632,-6.18191974,0,2.81046719,1.91393073,0.295044295,0.365503129,0.770244801,0.962363367,0
237_AA,PGC_CS6,71.254982,170.147186,-62.810699,0,1.47860366,0.010594049,0.227620513,0.021077039,3.35286266,1.15457488,0
237_AC,PGC_CS6,88.444939,180.109818,-81.477737,0,0.133545542,2.87942876,0.325453844,0.021742421,1.91572548,0.021742421,0.010930301
240_AO,SYS_CS6,173.955802,-66.5501179,-71.6953212,0,1.49554625,0.013616861,0,0,0.908532391,0.046869248,0
243_AM,SYS_CS6,238.413839,86.6597952,-33.4143696,0.028151604,0.041935686,0.028151604,0.041935686,0.055532348,0,0,0
243_AO,SYS_CS6,166.438576,-17.2035458,-54.552263,0.032468276,1.57673506,0.043060923,0,0,0.021762224,0.01094031,0
246_Q,SYS_CS6,36.0448728,-284.33295,28.8267054,0,0,0,0,0,0,0,0
246_U,SYS_CS6,223.681166,-73.1495006,30.4866578,0,0.008730729,0,0,0,0,0,0
252_AC,SYS_CS6,190.432463,-169.35001,124.01311,0,0.078998505,0.010222906,0,0.02034236,0.010222906,0.02034236,0
252_AE,SYS_CS6,284.908173,-128.71048,135.044495,0.065329518,1.26748426,0.013411805,0.013411805,0.013411805,0.013411805,0.013411805,0
252_AK,SYS_CS6,315.19041,104.312541,127.310902,0.209164697,0.083120535,0.009082084,0,0,1.62764469,0,0.004551352
255_AH,SYS_CS6,344.088804,119.126446,171.490109,0,0.042304205,0.021375791,0,0,0,0,0
255_AN,SYS_CS6,378.170712,26.9540803,172.537907,0.011187664,0.022251547,0.126637721,0.011187664,0,0.011187664,0.011187664,0
255_AP,SYS_CS6,211.605157,-68.0765536,204.952804,0.010105128,0.115002538,0.132946596,0.159273028,0.049534445,0.010105128,0.049534445,0
258_D,SYS_CS6,305.932898,37.4412718,203.912513,0,0,0.008470349,0,0,0,0,0
240_AN,SYS_CS6,216.739995,-31.1213506,-70.7940902,0,0.08382579,0,0,0,0.042790983,0.032263673,0
243_AN,SYS_CS6,186.20682,28.6069489,-56.6665317,0.021486981,0.083309324,0.021486981,0.042521967,0.021486981,0.042521967,0,0
243_AT,SYS_CS6,115.56755,-117.819423,-59.8371789,0.078663071,0.133848471,0.059569777,0.597955661,0.020253447,0,0,0
246_T,SYS_CS6,167.597885,-144.69746,29.9954334,0,0,0,0,0,0,0,0
246_V,SYS_CS6,242.477185,-14.2668395,30.491346,0,0,0,0,0,0,0,0
246_AH,SYS_CS6,228.733933,108.702675,23.6642393,0.005940087,2.1664469,0.287908144,0,0,0.011845098,1.14195258,0
249_AF,SYS_CS6,109.503257,-71.5139637,159.079357,0,0.101112009,0.007068331,0.007068331,0,0,0,0
252_AB,SYS_CS6,86.7299136,-170.751162,117.733117,0,0.031688765,0,0.010674887,0.010674887,0.010674887,0,0
252_AF,SYS_CS6,324.653059,-94.4311395,135.126263,0.021281519,0.102148499,0.021281519,0.021281519,0.102148499,0,0,0
255_AO,SYS_CS6,278.2347,-53.7295523,202.562404,0.009139921,0.062291676,0.104523794,0,0,0.01819706,0,0
258_C,SYS_CS6,276.995313,-117.644843,189.546775,0,0,0.004783666,0,0,0,0,0
240_AG,VE_CS6,137.763275,-26.809523,-72.6664962,0.008652983,2.33203375,0.017231734,0,0,0,1.41582883,0
240_AI,VE_CS6,137.258974,105.740276,-65.3284408,0,1.59899785,0.074562947,1.15296427,0.037976267,0.109858155,3.21180692,0.019168397
243_AC,VE_CS6,60.1362099,-49.2406719,-14.7195525,0.477446343,2.0191514,0.013215609,0,0,0.039134136,0.051845762,1.69926324
243_AE,VE_CS6,102.865281,-9.68181503,-16.9044805,0.537196789,1.66599335,0,0,0,0.046323841,0,0.878215803
243_AG,VE_CS6,141.227675,54.1675693,-17.4799691,0.878064213,1.71573648,0.369198927,0,0.0188249,0,0.009456747,0.342574243
243_AI,VE_CS6,151.771011,139.772186,-9.60277,0.043410206,1.81587966,0.02194064,0,0,1.42843968,0,0.095150146
246_W,VE_CS6,169.057495,54.5317275,36.3452161,0,0.535078744,0,0,0,0,0.853005677,0
246_BA,VE_CS6,-10.9833069,-135.701513,3.68134233,0.233089042,1.4278234,1.07924419,0,0.006540909,0.013039312,0.006540909,1.81668662
252_U,VE_CS6,29.412722,2.86850469,125.186044,0.029584587,0.977937836,1.36227559,0,0,0,0,2.09848746
252_W,VE_CS6,143.103756,65.4070154,121.726941,0.040926888,1.85948475,0,0.040926888,0.050902143,0.010389823,0.050902143,1.12099618
252_Y,VE_CS6,250.468659,101.079289,132.637245,1.40534256,1.38011895,0.020106232,0.010103648,0,0.123997642,0.039816158,0
252_AO,VE_CS6,38.962746,16.045523,123.671623,0.008636117,1.44548146,0.008636117,0,0.01719829,0.008636117,0.042453539,0.642929964
255_AF,VE_CS6,264.535431,161.436523,169.415329,0.009584594,0.117959689,0,0,0.019078195,0.828774598,0,0.009584594
237_AN,VE_CS6,10.2224616,-139.971674,-114.397847,0,1.61203555,0.006677166,0,0,0.006677166,0,0
237_AP,VE_CS6,73.597945,-16.2972482,-110.57065,0,1.95459719,0.010670433,0,0,0,0.045437994,0
240_AD,VE_CS6,97.5010906,-124.473734,-64.9994699,0,0.049911472,0.016915468,0,0.0084935,0.025267098,0.049911472,0.112806594
240_AH,VE_CS6,120.034052,25.0602035,-61.4813257,0,1.92909934,0.039400053,0.296843099,0.023825815,0.409689689,2.20225007,0.699477378
243_AD,VE_CS6,83.688546,-32.784257,-13.6923542,0.999788549,2.31470979,0.021113509,0,0.051970759,0.021113509,1.1005337,0.918020172
243_AF,VE_CS6,125.762858,18.2444398,-17.7271207,0.086745777,2.20109692,0.463121245,0,0,0,0,0
243_AH,VE_CS6,146.960528,99.4566219,-17.056897,0,1.9971375,0.379425382,0,0,1.80242806,0.617168787,0.011470081
243_AJ,VE_CS6,152.513046,168.940769,-13.7660204,0.023286271,1.63372355,0.023286271,0,0,2.27387895,0,0
246_AL,VE_CS6,171.653309,117.960104,27.1567126,0,1.21042983,0,0,0,0.465339352,1.1931896,0.606171773
246_BB,VE_CS6,98.2174631,-97.6248522,37.3047836,0,1.28777732,0.011274096,0,0,0.011274096,0.11753124,1.74138214
249_AD,VE_CS6,70.0211757,-78.6246265,79.636632,0,0,0,0,0.026701503,0,0.680164557,1.53756798
252_V,VE_CS6,82.6676627,36.1899606,125.980671,0.266427504,0.089782471,0.011673634,0,0.034619867,0,0,0.754823267
252_X,VE_CS6,185.458567,94.6942241,112.893288,0.050272702,0.074492004,0.025452236,0,0,0.012807093,0.012807093,1.82780676
252_Z,VE_CS6,88.5145502,-79.5067331,118.757691,0.027715989,0.722011964,0.351751167,0,0,0,0,1.3523684
255_AA,VE_CS6,107.756447,-32.8833945,170.058197,0,0.012421795,0,0.012421795,0.03681185,0,0,1.48439599
255_AE,VE_CS6,248.285357,134.432908,188.927897,0.706853505,0.711450254,0.027639964,0.018511266,0.009298466,0.036686083,0,0.179131845
234_E,Am_CS6,-116.35089,59.5148875,-159.266205,0,1.37912717,2.40963407,0.022261231,2.13162882,0,0,0
234_M,Am_CS6,-31.302001,-98.5725019,-160.261756,0,1.65024335,1.47803377,1.41764574,0.170627463,1.27483335,0,0
240_C,Am_CS6,-171.013503,-97.2273514,-65.0718566,0,1.75096732,2.28238796,1.16852322,3.27400065,0.054838935,0,0.006243851
240_E,Am_CS6,-138.80146,-30.8369991,-64.3718623,0.021931217,3.4533718,2.31968081,0.007363977,3.37559283,0.014674122,0.014674122,0
240_G,Am_CS6,-109.182836,34.3246217,-65.405823,0.023063434,3.53019612,0.11033963,0,3.75020932,0,0.045606915,0
240_K,Am_CS6,-51.7724028,161.840334,-69.4397226,0,2.50878645,0.005648845,1.39954208,3.57633775,1.54737825,0.005648845,0.005648845
240_Y,Am_CS6,-174.13888,-105.818525,-65.4131198,0,2.86537053,1.84793796,0,0,0.004471729,0.02653526,0
243_C,Am_CS6,-39.6261499,175.763367,-8.33695356,0,2.14764897,2.45121182,0.267976097,3.73238077,0,0.142937717,0
243_E,Am_CS6,2.280977,207.053024,-1.121847,0,1.71584091,2.17566329,1.52380027,1.05201277,0.205907139,0.087512257,0
243_I,Am_CS6,-113.791785,66.3037578,-18.4873601,0.009686047,1.87317652,1.17514575,0.699250158,1.84896014,0,0.217791423,0
243_K,Am_CS6,-119.702985,8.9991184,-16.9071576,0.009061365,1.50304949,2.33329879,1.10249215,1.21392157,0.009061365,0.018041359,0
246_G,Am_CS6,-156.504207,75.4487931,40.9178993,0,2.62308352,1.9619762,1.29776755,2.33232961,0,0,0
246_I,Am_CS6,-245.769811,-54.7438143,33.6677375,0,1.80657053,2.71758618,0.653374581,0.137605308,0,0,0
246_K,Am_CS6,-270.012714,-177.313142,30.5853341,0,1.78896445,0.304499855,0,0.098341357,0,0,0
246_AS,Am_CS6,52.695277,218.416786,29.0063634,0.008177764,2.9313439,2.55133884,0.714338162,0.271574896,0.543831168,0.296300556,0
249_U,Am_CS6,-144.174038,-195.719955,97.0878002,0,0.043817084,2.81670854,0,0,0,0,0
249_W,Am_CS6,-159.324948,-137.438538,98.5904523,0,2.14432003,0.080093622,0,0,0,0.020632795,0.010369611
255_F,Am_CS6,165.829588,224.753925,168.912782,0.033096098,2.23305729,1.09933438,0.033096098,0.065131845,0.049242252,0.033096098,0
255_J,Am_CS6,6.69925289,181.690969,171.658758,0.071894399,2.19288978,0.112673993,0.085673201,0,0.014798336,0,0
255_Z,Am_CS6,226.029626,234.605565,163.716513,0,2.42527599,2.01800496,0.343912257,0,0.097683469,0.043037753,0
237_N,Am_CS6,-188.724559,-240.041141,-82.2677733,0.003111551,1.10300009,0.063391926,0,0.003111551,0.009305757,2.03963303,0
234_D,Am_CS6,-54.3318257,81.3218256,-154.96615,0,2.11871491,2.2604536,1.70988902,3.09845014,0,0,0
234_H,Am_CS6,-183.134909,-86.9989948,-145.309691,0,0.340943327,2.4389974,0.733999307,1.86420984,0,0,0
240_H,Am_CS6,-108.2357,73.9542318,-65.0605464,0.011917203,2.10036125,1.323715,1.05855176,2.99221785,0.005976354,0,0
243_D,Am_CS6,-18.3142485,195.449761,-1.71699954,0,2.04853314,2.44686609,0.348763648,2.36629597,0,0.038974727,0
243_F,Am_CS6,-59.9274835,149.447771,-11.6172148,0.00823096,1.98304282,1.83625847,1.47901487,3.31828906,0.02449238,0.497536308,0
243_H,Am_CS6,-97.1811376,92.4208253,-19.1785243,0.009965771,2.03606031,1.51414222,1.13889205,2.85390747,0,0,0
243_L,Am_CS6,-138.028717,-23.3412954,-13.1080176,0.364277213,1.42243224,2.16633256,0.696409549,2.31966155,0.132575791,0,0
243_N,Am_CS6,-166.923834,-87.9367202,-23.466308,0.062592385,1.22081041,2.30042277,1.27639921,0.709751026,0.53679793,0.2798747,0
246_F,Am_CS6,-100.231375,138.171625,40.7798706,0,2.16875258,1.57431993,1.04046155,2.48350057,0,0,0
246_J,Am_CS6,-267.600479,-117.470021,34.5040392,0,0.945360221,0.933531685,0.216814683,2.56841767,0,0,0
249_V,Am_CS6,-166.183864,-190.578679,92.804074,0.63027633,2.36860999,1.87533015,0,0,0,0,0
255_C,Am_CS6_PGC,202.73273,232.962562,169.862284,0.171636737,2.78402228,1.45916066,0.624944748,0,0.807651818,0.5687218,0.008475187
255_E,Am_CS6,155.749993,219.945798,172.24762,0,3.65319192,0.020861709,0.010485255,0,0.041297086,0,0
255_M,Am_CS6,-73.2771584,69.5830502,180.527882,0.441625069,2.35436998,1.46944415,0.015305398,0,0.030380068,0.030380068,1.02016755
237_E,Am_CS6,-81.6069314,74.8240126,-130.488193,0.214966278,2.58977348,2.14783867,0,2.25524137,0.782580777,1.49501529,0
234_AE,Stalk_CS6,150.750292,135.248742,-167.203035,0,1.37808083,0,0,0,0,0,0
234_AI,Stalk_CS6,40.9380801,168.957462,-167.716483,0,1.69412243,1.87421872,0.302978318,0,1.04043225,0,0
237_AD,Stalk_CS6,108.067958,108.258072,-114.489826,0,1.35185583,0.751535296,0,0,0.173902083,0.011561825,0
237_AF,Stalk_CS6,142.924561,96.7925266,-101.481128,0,1.2296215,0.016781029,0,0.016781029,0.08122334,0.126968251,0
246_AG,Stalk_CS6,246.444844,130.646123,30.4902138,0,1.67952937,0,0,0,0.197954079,0.127401474,0
246_AI,Stalk_CS6,219.830584,157.060404,33.7304032,0,2.20450216,0,0,0,0.018866331,1.89129146,0
234_AF,Stalk_CS6,154.87535,156.469825,-160.464178,0,1.7680743,0.032964838,0,0.032964838,3.14645255,0,0
240_AL,Stalk_CS6,196.317665,173.487177,-70.5980427,0.047344047,2.81300486,0.035716509,0,0,0.070201218,0.02395218,0.02395218
246_AF,Stalk_CS6,273.86547,196.038535,34.0937796,0,2.16223449,0,0,0,0.707989969,0.156009417,0
246_AJ,Stalk_CS6,230.71506,224.190862,29.2147546,0.006813965,1.45598575,0.013581814,0,0,0.955477784,0.006813965,0
237_AE,Stalk_CS6,150.449195,75.9163913,-114.857704,0,0.053728038,0.024236179,0,0,0.042035458,0,0
234_AS,Tb_CS6,-216.258257,-19.3838338,-152.698751,0,1.48710341,2.59068464,0.134953545,0,0,0,0
246_C,Tb_CS6,-20.9491655,332.162987,21.8499351,0,0,2.08605759,0.09903492,0,0,0,0
252_A,Tb_CS6,51.6460674,263.983433,117.234549,0.191826309,0.147208115,0.314850986,0.116316817,0,0.068113398,0.068113398,0
255_B,Tb_CS6,186.774112,311.027264,177.976347,0,0.167782429,1.65771231,1.68348775,0,0.044657653,0.044657653,0
255_P,Tb_CS6,105.569122,272.745866,170.341565,0.096727009,0.156376226,2.37172582,1.35519642,0.033292799,0,0,0.033292799
237_B,Tb_CS6,245.629026,280.34791,-112.181109,0,0.016225536,0.766209454,0.081636205,0.00652184,0,0.00652184,0
234_AP,Tb_CS6,141.500236,285.477987,-161.104686,0,0.014834822,1.09950662,0,0,0,0,0
234_AT,Tb_CS6,-248.275248,-75.8164619,-164.004595,0,0.044782466,1.70819065,0.087645129,0,0,0,0
234_AV,Tb_CS6,-32.5202729,237.165234,-159.109374,0,0,1.87991353,0.414594041,0.010871669,0,0.053213608,0
246_B,Tb_CS6,58.1450656,398.827994,24.5074584,0,0,2.29992004,0,0,0,0,0
252_L,Tb_CS6,79.3506347,267.000097,130.779684,0.081010472,0.409652004,1.40263229,0.131586954,0,0.027739106,0.17972813,0
255_A,Tb_CS6,231.157517,343.376564,185.123435,0.011447247,0.088106241,2.6454867,1.32524953,0.077508229,0.045023146,0,0
255_Q,Tb_CS6,76.572745,263.590114,170.887027,0.019145551,0.208606424,2.85933004,0.451225342,0.438838682,0.047193659,0,0.019145551
237_A,Tb_CS6,-2.30055414,365.822425,-132.044049,0,0.090071699,0.114383567,0,0.039599517,0.013374834,0.013374834,0.013374834
234_K,ExMes_CS6,-100.406502,-157.63949,-164.082781,0,0.646855111,0.517608798,0.008234423,0,0,0,0
234_Q,ExMes_CS6,24.8087647,-102.841353,-173.088639,0,0,0,0,0,0,0,0
234_S,ExMes_CS6,90.1517135,-0.105685909,-170.279909,0,0.132107477,0.010037383,0,0,0,0,0
234_U,ExMes_CS6,116.904393,-50.9401889,-155.761933,0,0,0,0,0,0,0,0
234_W,ExMes_CS6,148.611449,-0.526176067,-152.15152,0,2.11055774,0.714046874,0,0,0,0.428788896,0
234_Y,ExMes_CS6,187.697318,32.8113483,-140.543327,0,0.809177654,0.008498445,0,0,0,0,0
234_AA,ExMes_CS6,132.805752,78.9296584,-162.614431,0,0,0.120719257,0,0,0.025337888,0,0
234_AM,ExMes_CS6,100.555094,206.180541,-150.328553,0,0,0.108394635,0.224640385,0,0,0,0
234_AO,ExMes_CS6,183.302127,259.511011,-171.786541,0,0,0,0,0,0,0,0
240_AQ,ExMes_CS6,-142.17154,155.368942,-60.7871374,0,0.082462877,0,0,0.066505354,0,0,0
243_AK,ExMes_CS6,215.43989,228.324802,-32.4018824,0.01682836,0.595862967,0.01682836,0,0.008449579,0.963444142,0,0
243_AU,ExMes_CS6,-123.266633,89.5621094,-14.9923823,0.040513346,1.33801602,0.610138268,0.013687631,1.70845202,0,0,0
246_S,ExMes_CS6,141.141174,-220.407708,32.6232215,0,0,0,0,0,0,0,0
246_Y,ExMes_CS6,305.48781,-7.33700825,31.0903404,0,0,0,0,0,0,0,0
246_AA,ExMes_CS6,306.627182,38.9026082,33.0068954,0,0.037305557,0.006315042,0,0,0,0.012590454,0
246_AC,ExMes_CS6,305.605417,9.01787505,24.5289159,0,0.923139242,0.263225203,0,0,0,0.011514975,0
246_AE,ExMes_CS6,292.00887,153.649081,19.3624685,0,0.67001251,0,0,0,0.067494179,0.011570146,0
246_AO,ExMes_CS6,184.060031,244.172802,32.3326336,0,0.690563252,1.30555854,0,0,0.018255295,0.748859961,0
246_AQ,ExMes_CS6,126.470002,233.788861,11.1489427,0.013676998,1.42396313,0.871655874,0,0.013676998,0.176297937,0.544052557,0
249_S,ExMes_CS6,-246.719693,-127.646768,84.7647024,0,0.640664066,0.469061805,0.181903078,0,0,0,0
255_AJ,ExMes_CS6,371.555206,194.450974,168.236481,0.001486648,0.049345842,0.00445333,0.00445333,0.001486648,0.060611118,0.001486648,0
255_AL,ExMes_CS6,485.710253,158.125481,170.999877,0,0.040433471,0.014892924,0.003744076,0,0,0,0
229_D,ExMes_CS6,33.6962946,24.85134,-254.508518,0,0,0,0,0,0,0,0
229_F,ExMes_CS6,114.91657,64.695183,-258.036108,0,0,0,0,0,0,0,0
229_H,ExMes_CS6,-33.0197449,12.5850214,-243.869216,0,0.435934817,0.532112185,0.318220806,0,0,0,0
229_L,ExMes_CS6,150.36658,99.3678933,-249.882033,0,0,0,0,0,0,0,0
229_N,ExMes_CS6,-145.016218,-42.3713319,-235.455511,0,0,0,0,0.024555633,0,0,0
237_AH,ExMes_CS6,199.616396,64.3250684,-112.445465,0,1.27266375,0.029116236,0,0.007358921,0.618845675,0.661672087,0
237_AJ,ExMes_CS6,200.213862,19.0583159,-105.618248,0,0.227922889,0.032644997,0.009436391,0.004729326,0.02342609,0.009436391,0
237_AL,ExMes_CS6,156.030146,-35.4082451,-132.684441,0,1.04211351,0.006888472,0,0,0.104896838,0.932727785,0
237_AZ,ExMes_CS6,70.4533071,-191.12089,-99.2331591,0,0.029174108,0,0,0,0,0,0
237_BB,ExMes_CS6,131.578848,-114.363488,-104.920727,0,0.024262247,0.00977565,0.00977565,0,0,0,0
237_BD,ExMes_CS6,165.743668,-79.4682525,-102.227334,0,0.746577745,0.03755379,0,0,0,0.009521488,0.018953171
237_BH,ExMes_CS6,217.461989,-107.069641,-122.168915,0.009688834,0.6548806,0.009688834,0.009688834,0,0,0,0
234_F,ExMes_CS6,-174.449562,37.6702954,-164.811643,0,1.32860754,0,0,0.052997587,0,0,0
234_J,ExMes_CS6,-178.084208,-136.413509,-147.879705,0,1.21472635,0.997396156,0,0,0,0,0
234_L,ExMes_CS6,-53.1662176,-144.069712,-168.446147,0,0.39104574,0.190087313,0,0.058095089,0,0,0
234_R,ExMes_CS6,39.3971058,-43.4416669,-181.122664,0,1.09331491,0,0,0,0.007661082,0,0
234_T,ExMes_CS6,82.2534237,-71.8905666,-167.66256,0,0,0,0,0,0,0,0
234_V,ExMes_CS6,144.412401,-34.4188004,-143.736585,0,0,0,0,0,0,0,0
234_X,ExMes_CS6,112.708435,37.4789951,-165.693589,0,0.018993851,0,0,0,0,0,0
234_Z,ExMes_CS6,152.369213,46.8776065,-159.032801,0,0.061941506,0,0,0,0,0,0
234_AB,ExMes_CS6,177.195797,81.5767315,-153.620286,0,0.693516703,0,0,0,0,0,0
234_AD,ExMes_CS6,241.880908,143.71765,-153.721653,0,0,0,0.031801912,0,0,0,0
234_AH,ExMes_CS6,83.7677549,138.359246,-176.686761,0,0.042735109,0,0,0,0,0,0
234_AL,ExMes_CS6,65.030345,243.573697,-179.901264,0,0.015844501,0.015844501,0.503679137,0,0.07682534,0,0
234_AN,ExMes_CS6,129.432464,180.321284,-162.769116,0,0.394016709,0.578365845,0,0,0,0,0
240_AT,ExMes_CS6,-163.253063,-6.91637192,-62.6559213,0,0.872305601,0,0,0.006252576,0.030879116,0.018641652,0
246_X,ExMes_CS6,285.6188,77.2729308,16.0698924,0,1.19390099,0,0,0,0.014391298,0,0
246_AD,ExMes_CS6,290.026201,-53.7978814,31.0303027,0,0.741331739,0.015574213,0,0,0.015574213,0.015574213,0.015574213
249_B,ExMes_CS6,-226.387214,-172.405344,99.6983738,0,0,0,0.03272929,0.03272929,0,0.03272929,0
252_AN,ExMes_CS6,364.423748,125.496248,163.977342,0.01248384,0.07266714,0,0,0.024813753,0.01248384,0.01248384,0
255_Y,ExMes_CS6,295.005092,235.100147,172.795637,0,0.73966268,0.370779935,0,0,0,0,0
255_AI,ExMes_CS6,412.661763,284.590145,163.177375,0.007964337,0.265323864,0.015865743,0,0,0.007964337,0,0.007964337
255_AK,ExMes_CS6,461.193779,239.116853,175.900121,0.002635028,0.002635028,0.023468963,0,0,0,0,0
255_AM,ExMes_CS6,440.717929,94.1967427,172.108333,0.007846445,1.1015127,0.075824371,0,0.031023009,0,0,0
229_A,ExMes_CS6,142.035969,20.9782431,-256.031355,0,0,0,0,0,0,0,0
229_C,ExMes_CS6,9.34326158,-43.9776994,-263.098006,0,0,0,0.018610139,0,0,0,0
229_E,ExMes_CS6,77.5725097,48.9060554,-256.692808,0,0.232834855,0,0,0,0,0,0
229_I,ExMes_CS6,4.73941247,58.6360638,-239.300182,0,0,0.793477148,0,0,0,0,0
229_K,ExMes_CS6,93.0090081,93.2265364,-247.211835,0,0,0,0,0,0,0,0
229_M,ExMes_CS6,-183.259968,-64.1133551,-236.034447,0,0,0,0,0,0,0,0
237_AG,ExMes_CS6,186.964723,115.418628,-112.44861,0.011153871,0.054565396,0.043887911,0.011153871,0.011153871,0.065130077,0,0
237_AK,ExMes_CS6,190.764433,-7.10203334,-113.269818,0,0.087428616,0.007584858,0,0,0.277461452,0,0
237_AQ,ExMes_CS6,-48.3282569,-237.460719,-103.644512,0,0.021940635,2.42927369,0,0,0,0,0
237_AY,ExMes_CS6,90.9729165,-138.020336,-114.797621,0,0.518210994,0,0,0,0.009134119,0.136988875,0
237_BA,ExMes_CS6,174.24159,170.969181,-111.571008,0,0.00632666,0.02506997,0,0.00632666,0,0.00632666,0.00632666
237_BC,ExMes_CS6,129.385923,-184.452394,-121.607451,0.00745551,0.763118996,0.00745551,0,0,0.014855847,0.022201821,0
237_BE,ExMes_CS6,172.709816,5.54912989,-141.600213,0,0.2541954,0,0,0.008007403,0.823424352,0.008007403,0
237_BG,ExMes_CS6,186.789743,-151.533063,-114.710669,0,0,0.014456718,0,0,0,0,0